period,metric,best_method,raw_probability,calibrated_probability
2026Q2_current,P(>5%),raw,0.6056666666666667,0.6056666666666667
2026Q2_current,P(<0%),raw,0.2023333333333333,0.2023333333333333
